{"perclos": 0.08353808353808354, "blink_rate": 24.440916201820485, "neck_norm": 1.4}