{"perclos": 0.08353808353808354, "blink_rate": 25.58821896575531, "neck_norm": 1.4}