{"rPPG_HR": 63.28125, "rPPG_stability": 0.23079880563496138, "sleep_hours_24h": NaN, "perclos": 1.0, "blink_rate_min": 6.0, "neck_circ_norm": 0.7999999999999999}