{"perclos": 0.08353808353808354, "blink_rate": 25.140559623120737, "neck_norm": 1.4}