{"perclos": 0.08353808353808354, "blink_rate": 25.109614871629116, "neck_norm": 1.4}