{"perclos": 0.08353808353808354, "blink_rate": 24.98901485015311, "neck_norm": 1.4}