{"perclos": 0.08845208845208845, "blink_rate_min": 95.62109373169443, "neck_norm": 1.5186236648086393, "rppg_hr_bpm": 0.0, "rppg_snr": 0.0, "seconds": 1.882429838180542}