{"perclos": 0.08353808353808354, "blink_rate": 24.662174309362904, "neck_norm": 1.0685371394297207}