{
  "M0": {
    "auc": 0.6951993510472372,
    "ap": 0.23191481696489502,
    "brier": 0.21488934419095004,
    "risk_csv": "reports/risk_M0.csv"
  },
  "M1": {
    "auc": 0.6949138675356507,
    "ap": 0.23169910889296816,
    "brier": 0.21482014405320596,
    "risk_csv": "reports/risk_M1.csv"
  },
  "M2": {
    "auc": 0.6962577289438503,
    "ap": 0.23188736035444368,
    "brier": 0.2148050482172056,
    "risk_csv": "reports/risk_M2.csv"
  },
  "M3": {
    "auc": 0.6965449532085561,
    "ap": 0.23247136730156126,
    "brier": 0.21391899433745198,
    "risk_csv": "reports/risk_M3.csv"
  }
}